null;Série não encontrada;1
null;Série não encontrada;2
null;Série não encontrada;3
null;Série não encontrada;1
null;Série não encontrada;2
null;Série não encontrada;3
null;Série não encontrada;1
null;Série não encontrada;2
null;Série não encontrada;3
null;Série não encontrada;1
null;Série não encontrada;2
null;Série não encontrada;3
null;Série não encontrada;1
null;Série não encontrada;2
null;Série não encontrada;3
null;Série não encontrada;1
null;Série não encontrada;2
null;Série não encontrada;3
