Ada A N Arroway;Ada2;AArr25751
Ada A N Austen;Ada3;AAus24061
Ada A N Brown;Ada4;ABro25751
Ada A N Brum;Ada5;ABru24061
Ada A N Buckley;Ada6;ABro14411
Ada A N Bueno;Ada7;ABro14412
Ada A N Cave;Ada8;ABro14413
Ada A N Choovanski;Ada9;ABro14414
Ada A N Cobain;Ada10;ABro14415
Ada A N Connor;Ada11;ABro14416
Ada A N Federer;Ada12;ABro14417
Ada A N Finch;Ada13;ABro14418
Ada A N Freeman;Ada14;ABro14419
Ada A N Gaiman;Ada15;ABro14420
Ada A N Halep;Ada16;ABro14421
Ada A N Hempstock;Ada17;ABro14422
Ada A N Heslop;Ada18;ABro14423
Ada A N Jones;Ada19;ABro14424
Ada A N Lanegan;Ada20;ABro14425
Ada A N Lovelace;Ada21;ABro14426
